{
    "name": "app_main_menu",
    "UIID": "app_main_menu",
    "language": "en",
    "description": "A simple login menu for the game.",
    "layers": 4,
    "buttons": [
        {
            "ID": "main_widget_background",
            "groupID": "main_widget",
            "description": "Connect to NOVA server.",
            "haveText": false,
            "text": "Connect",
            "path": "data/images/icon_profile.png",
            "path_hover": "data/images/app_news_widget.png",
            "path_pressed": "data/images/app_news_widget.png",
            "x": 50.5,
            "y": -50,
            "width": 40,
            "height": 4.2,
            "effect": "move",
            "destinationX": 30,
            "destinationY": 5,
            "speed": 700,
            "action": "default",
            "value": "Connect",
            "layer": 2,
            "isActive": true
        },
        {
            "ID": "button_news_widget_1",
            "groupID": "preview_widget",
            "description": "Connect to NOVA server.",
            "haveText": false,
            "text": "Connect",
            "path": "data/images/app_news_widget.png",
            "path_hover": "data/images/play_hover.png",
            "path_pressed": "data/images/button_pressed.png",
            "x": -50.5,
            "y": 82,
            "width": 90,
            "height": 5.2,
            "effect": "move",
            "destinationX": 50.5,
            "destinationY": 82,
            "speed": 700,
            "action": "default",
            "value": "Connect",
            "layer": 2,
            "isActive": true
        },
        {
            "ID": "news_widget_2",
            "groupID": "preview_widget",
            "description": "Quick resume of news.",
            "haveText": false,
            "text": "Connect",
            "path": "data/images/app_news_widget.png",
            "path_hover": "data/images/play_hover.png",
            "path_pressed": "data/images/button_pressed.png",
            "x": 150.5,
            "y": 88.5,
            "width": 90,
            "height": 5.2,
            "effect": "move",
            "destinationX": 50.5,
            "destinationY": 88.5,
            "moveSpeed": 700,
            "action": "default",
            "value": "Connect",
            "layer": 2,
            "isActive": true
        },
        {
            "ID": "news_widget_3",
            "groupID": "preview_widget",
            "description": "Quick resume of news.",
            "haveText": false,
            "text": "Connect",
            "path": "data/images/app_news_widget.png",
            "path_hover": "data/images/play_hover.png",
            "path_pressed": "data/images/button_pressed.png",
            "x": -50.5,
            "y": 95,
            "width": 90,
            "height": 5.2,
            "effect": "move",
            "destinationX": 50.5,
            "destinationY": 95,
            "moveSpeed": 700,
            "action": "default",
            "value": "Connect",
            "layer": 2,
            "isActive": true
        },
        {
            "ID": "exit_expand_news_widget_1",
            "groupID": "expand_widget_1",
            "description": "Quick resume of news.",
            "haveText": false,
            "text": "Connect",
            "path": "data/images/button.png",
            "path_hover": "data/images/play_hover.png",
            "path_pressed": "data/images/button_pressed.png",
            "x": 20,
            "y": 88,
            "width": 40.5,
            "height": 10.2,
            "effect": "move",
            "destinationX": 50,
            "destinationY": 95.8,
            "moveSpeed": 500,
            "action": "default",
            "value": "Connect",
            "layer": 3,
            "isActive": false
        }
    ],
    "images": [
        {
            "ID": "logo",
            "groupID": "main",
            "description": "Logo of Nova Project",
            "image": "data/images/background.png",
            "x": 400,
            "y": 400,
            "width": 400,
            "height": 400,
            "effect": "default",
            "layer": 1,
            "isActive": true
        },
        {
            "ID": "scanlines",
            "groupID": "main",
            "description": "Logo of Nova Project",
            "image": "data/images/scanlines.png",
            "x": 50,
            "y": -50,
            "width": 100,
            "height": 100,
            "effect": "moveLoop",
            "destinationX": 50,
            "destinationY": 120,
            "moveSpeed": 2000,
            "layer": 2,
            "isActive": true
        },
        {
            "ID": "news_widget_1_textBackground",
            "groupID": "expand_widget_1",
            "description": "Logo of Nova Project",
            "image": "data/images/loginPromptBackground.png",
            "x": 300,
            "y": 300,
            "width": 300,
            "height": 180,
            "effect": "move",
            "destinationX": 48.5,
            "destinationY": 75.8,
            "moveSpeed": 1000,
            "layer": 3,
            "isActive": false
        },
        {
            "ID": "button_news_widget_1",
            "groupID": "preview_widget",
            "description": "Logo of Nova Project",
            "image": "data/images/news_icon.png",
            "x": 12,
            "y": 82,
            "width": 12,
            "height": 5.5,
            "effect": "default",
            "destinationX": 50,
            "destinationY": 120,
            "moveSpeed": 1500,
            "layer": 3,
            "isActive": true
        },
        {
            "ID": "icon_news_widget_2",
            "groupID": "preview_widget",
            "description": "Logo of Nova Project",
            "image": "data/images/news_icon.png",
            "x": 12,
            "y": 88.6,
            "width": 12,
            "height": 5.5,
            "effect": "default",
            "destinationX": 50,
            "destinationY": 120,
            "moveSpeed": 1500,
            "layer": 3,
            "isActive": true
        },
        {
            "ID": "icon_news_widget_3",
            "groupID": "preview_widget",
            "description": "Logo of Nova Project",
            "image": "data/images/news_icon.png",
            "x": 12,
            "y": 95,
            "width": 12,
            "height": 5.5,
            "effect": "default",
            "destinationX": 50,
            "destinationY": 120,
            "moveSpeed": 1500,
            "layer": 3,
            "isActive": true
        },
        {
            "ID": "main_widget_social_icon",
            "groupID": "main_widget",
            "image": "data/images/icon_options.png",
            "x": 0,
            "y": 5,
            "width": 18,
            "height": 8,
            "effect": "move",
            "destinationX": 13,
            "destinationY": 5,
            "moveSpeed": 700,
            "layer": 3,
            "isActive": true
        },
        {
            "ID": "messagebox_background",
            "groupID": "messagebox_alert",
            "image": "data/images/messagebox_alert_background.png",
            "x": 0,
            "y": 5,
            "width": 100,
            "height": 30,
            "effect": "move",
            "destinationX": 50,
            "destinationY": 40,
            "moveSpeed": 700,
            "layer": 4,
            "isActive": false
        }
    ],
    "text": [
        {
            "ID": "logoText",
            "groupID": "main",
            "description": "Logo text of Nova Project",
            "content": "Nova Project",
            "x": 50,
            "y": 15,
            "width": 550,
            "height": 15,
            "font": "data/font/PROMETHEUS.ttf",
            "fontSize": 36,
            "color": "255,255,255",
            "effect": "default",
            "layer": 3,
            "isActive": true
        },
        {
            "ID": "title_news_widget_1",
            "groupID": "preview_widget",
            "description": "Logo text of Nova Project",
            "content": "",
            "x": 57.4,
            "y": 81.8,
            "width": 500,
            "height": 10,
            "font": "data/font/SpaceMono-Regular.ttf",
            "fontSize": 14,
            "color": "255,255,255",
            "effect": "default",
            "layer": 3,
            "isActive": true
        },
        {
            "ID": "title_news_widget_2",
            "groupID": "preview_widget",
            "description": "Logo text of Nova Project",
            "content": "",
            "x": 58.2,
            "y": 88.4,
            "width": 500,
            "height": 10,
            "font": "data/font/SpaceMono-Regular.ttf",
            "fontSize": 14,
            "color": "255,255,255",
            "effect": "default",
            "layer": 3,
            "isActive": true
        },
        {
            "ID": "title_news_widget_3",
            "groupID": "preview_widget",
            "description": "Logo text of Nova Project",
            "content": "",
            "x": 58.2,
            "y": 95,
            "width": 500,
            "height": 10,
            "font": "data/font/SpaceMono-Regular.ttf",
            "fontSize": 14,
            "color": "255,255,255",
            "effect": "default",
            "layer": 3,
            "isActive": true
        },
        {
            "ID": "expand_news_1_content",
            "groupID": "expand_widget_1",
            "description": "Logo text of Nova Project",
            "content": "",
            "x": 51,
            "y": 73.7,
            "width": 500,
            "height": 10,
            "font": "data/font/SpaceMono-Reular.ttf",
            "fontSize": 13,
            "color": "255,255,255",
            "effect": "default",
            "layer": 3,
            "isActive": false
        },
        {
            "ID": "close_expand_news_1_content",
            "groupID": "expand_widget_1",
            "description": "Logo text of Nova Project",
            "content": "Understood",
            "x": 50,
            "y": 95.5,
            "width": 500,
            "height": 10,
            "font": "data/font/SpaceMono-Regular.ttf",
            "fontSize": 14,
            "color": "255,255,255",
            "effect": "default",
            "layer": 3,
            "isActive": false
        },
        {
            "ID": "title_expand_news_1_content",
            "groupID": "expand_widget_1",
            "description": "Logo text of Nova Project",
            "content": "",
            "x": 50,
            "y": 51.3,
            "width": 500,
            "height": 10,
            "font": "data/font/SpaceMono-Regular.ttf",
            "fontSize": 14,
            "color": "255,255,255",
            "effect": "default",
            "layer": 3,
            "isActive": false
        }
    ],
    "userInput": [
        {
            "ID": "jklkjlkj",
            "label": "Username",
            "description": "Logo text of Nova Project",
            "content": "username",
            "x": 50,
            "y": 69.5,
            "width": 55,
            "height": 4,
            "font": "data/font/SpaceMono-Regular.ttf",
            "fontSize": 20,
            "color": "255,255,255",
            "effect": "default",
            "layer": 1,
            "isActive": false
        }
    ]
}
