{
    "ID": "ennemy",
    "animation_sequence": [
        {
            "ID": "idle",
            "sheetPath": "data/characters/animations/f_01_ennemy_idle.png",
            "scaleX": 1,
            "scaleY": 2.5,
            "width": 642,
		    "height": 514,
		    "numFrames": 14,
            "start": 1,
			"count": 14,
			"time": 800,
			"loopCount": 0,
			"loopDirection": "forward"
        },
        {
            "ID": "run",
            "sheetPath": "data/characters/animations/f_01_ennemy_walk.png",
            "scaleX": 1,
            "scaleY": 2.5,
            "width": 642,
            "height": 514,
            "numFrames": 9,
            "start": 3,
            "count": 7,
            "time": 800,
            "loopCount": 0,
            "loopDirection": "forward"
        },
        {
            "ID": "normalattack",
            "sheetPath": "data/characters/animations/f_01_ennemy_normalattack.png",
            "scaleX": 1,
            "scaleY": 2.5,
            "width": 642,
            "height": 514,
            "numFrames": 12,
            "start": 1,
            "count": 12,
            "time": 600,
            "loopCount": 1,
            "loopDirection": "forward"
        },
        {
            "ID": "normalattack_2",
            "sheetPath": "data/characters/animations/f_01_ennemy_normalattack_2.png",
            "scaleX": 1,
            "scaleY": 2.5,
            "width": 642,
            "height": 514,
            "numFrames": 8,
            "start": 1,
            "count": 8,
            "time": 600,
            "loopCount": 1,
            "loopDirection": "forward"
        },
        {
            "ID": "parry",
            "sheetPath": "data/characters/animations/f_01_ennemy_parry.png",
            "scaleX": 1,
            "scaleY": 2.5,
            "width": 642,
            "height": 514,
            "numFrames": 3,
            "start": 1,
            "count": 3,
            "time": 200,
            "loopCount": 1,
            "loopDirection": "forward"
        },
        {
            "ID": "charge",
            "sheetPath": "data/characters/animations/f_01_ennemy_charge.png",
            "scaleX": 1,
            "scaleY": 2.5,
            "width": 642,
            "height": 514,
            "numFrames": 10,
            "start": 1,
            "count": 10,
            "time": 800,
            "loopCount": 1,
            "loopDirection": "forward"
        },
        {
            "ID": "dashforward",
            "sheetPath": "data/characters/animations/f_01_ennemy_dashforward.png",
            "scaleX": 1,
            "scaleY": 2.5,
            "width": 642,
            "height": 514,
            "numFrames": 4,
            "start": 1,
            "count": 4,
            "time": 400,
            "loopCount": 1,
            "loopDirection": "forward"
        },
        {
            "ID": "backdash",
            "sheetPath": "data/characters/animations/f_01_ennemy_backdash.png",
            "scaleX": 1,
            "scaleY": 2.5,
            "width": 642,
            "height": 514,
            "numFrames": 3,
            "start": 1,
            "count": 3,
            "time": 400,
            "loopCount": 1,
            "loopDirection": "forward"
        },
        {
            "ID": "blocked",
            "sheetPath": "data/characters/animations/f_01_ennemy_blocked.png",
            "scaleX": 1,
            "scaleY": 2.5,
            "width": 642,
            "height": 514,
            "numFrames": 5,
            "start": 1,
            "count": 5,
            "time": 500,
            "loopCount": 1,
            "loopDirection": "forward"
        },
        {
            "ID": "guardbreak",
            "sheetPath": "data/characters/animations/f_01_ennemy_guardbreak.png",
            "scaleX": 1,
            "scaleY": 2.5,
            "width": 642,
            "height": 514,
            "numFrames": 17,
            "start": 1,
            "count": 17,
            "time": 1200,
            "loopCount": 1,
            "loopDirection": "forward"
        },
        {
            "ID": "hitstun",
            "sheetPath": "data/characters/animations/f_01_ennemy_hitstun.png",
            "scaleX": 1,
            "scaleY": 2.5,
            "width": 642,
            "height": 514,
            "numFrames": 5,
            "start": 1,
            "count": 5,
            "time": 500,
            "loopCount": 1,
            "loopDirection": "forward"
        }
    ]
}