{
    "name": "app_main_menu",
    "UIID": "app_main_menu",
    "language": "en",
    "description": "A simple login menu for the game.",
    "background": "data/images/background.png",
    "layers": 4,
    "buttons": [
        {
            "ID": "main_widget_background",
            "groupID": "main",
            "haveText": true,
            "text": "Connexion",
            "font": "data/font/SpaceMono-Regular.ttf",
            "fontSize": 38,
            "color": "255,255,255",
            "path": "data/ui/ui_assets/button.png",
            "path_hover": "data/ui/ui_assets/button_hover.png",
            "path_pressed": "data/ui/ui_assets/button_clicked.png",
            "x": 2500,
            "y": 1230,
            "width": 320,
            "height": 68,
            "effect": "move",
            "action": "default",
            "value": "Connect",
            "layer": 1,
            "isActive": true
        },
        {
            "ID": "main_widget_background",
            "groupID": "main",
            "haveText": true,
            "text": "Settings",
            "font": "data/font/SpaceMono-Regular.ttf",
            "fontSize": 38,
            "color": "255,255,255",
            "path": "data/ui/ui_assets/button.png",
            "path_hover": "data/ui/ui_assets/button_hover.png",
            "path_pressed": "data/ui/ui_assets/button_clicked.png",
            "x": 2500,
            "y": 1330,
            "width": 320,
            "height": 68,
            "effect": "move",
            "action": "default",
            "value": "Connect",
            "layer": 1,
            "isActive": true
        }
    ],
    "images": [
        {
            "ID": "menu_login_background",
            "groupID": "main",
            "description": "Background of the login menu",
            "image": "data/ui/ui_assets/menu_login_wallpaper.jpg",
            "x": 0,
            "y": 0,
            "width": 3840,
            "height": 2160,
            "effect": "default",
            "layer": 1,
            "isActive": true
        },
        {
            "ID": "logo",
            "groupID": "main",
            "description": "Logo of Nova Project",
            "image": "data/ui/ui_assets/menu_login_logo_shadow.png",
            "x": 2059,
            "y": 928,
            "width": 1216,
            "height": 150,
            "effect": "default",
            "layer": 1,
            "isActive": true
        },
        {
            "ID": "logo",
            "groupID": "main",
            "description": "Logo of Nova Project",
            "image": "data/ui/ui_assets/menu_login_logo_shadow.png",
            "x": 2059,
            "y": 928,
            "width": 1216,
            "height": 150,
            "effect": "default",
            "layer": 1,
            "isActive": true
        },
        {
            "ID": "logo",
            "groupID": "main",
            "description": "Logo of Nova Project",
            "image": "data/ui/ui_assets/widget.png",
            "x": -30,
            "y": 1500,
            "width": 1200,
            "height": 600,
            "effect": "default",
            "layer": 1,
            "isActive": true
        }
    ],
    "text": [
        {
            "ID": "logoText",
            "groupID": "main",
            "description": "Logo text of Nova Project",
            "content": "Nova Project",
            "x": 2059,
            "y": 928,
            "width": 550,
            "height": 15,
            "font": "data/font/PROMETHEUS.ttf",
            "fontSize": 125,
            "color": "255,255,255",
            "effect": "default",
            "layer": 3,
            "isActive": true
        },
        {
            "ID": "title_news_widget_1",
            "groupID": "preview_widget",
            "description": "Logo text of Nova Project",
            "content": "(C) 2019 Nova Project:://alpha 0.1.0",
            "x": 10,
            "y": 2120,
            "width": 500,
            "height": 10,
            "font": "data/font/SpaceMono-Regular.ttf",
            "fontSize": 25,
            "color": "255,255,255",
            "effect": "default",
            "layer": 3,
            "isActive": true
        },
        {
            "ID": "title_expand_news_1_content",
            "groupID": "expand_widget_1",
            "description": "Logo text of Nova Project",
            "content": "Hello, world!\nThis is a new line.\nAnd another one!",
            "x": 500,
            "y": 51.3,
            "width": 500,
            "height": 10,
            "font": "data/font/SpaceMono-Regular.ttf",
            "fontSize": 28,
            "color": "255,255,255",
            "effect": "default",
            "layer": 3,
            "isActive": true
        },
        {
            "ID": "title_expand_news_1_content",
            "groupID": "expand_widget_1",
            "description": "Logo text of Nova Project",
            "content": "Random news://qzdqfsefsrgdrgtfhfthf<sedfqzdqzdqzdkjlkqjzd\nRandom news://qzdqfsefsrgdrgtfhfthf<sedfqzdqzdqzdkjlkqjzdq\nRandom news://qzdqfsefsrgdrgtfhfthf<sedfqzdqzdqzdkjlkqjzd\nRandom news://qzdqfsefsrgdrgtfhfthf<sedfqzdqzdqzdkjlkqjzd\nRandom news://qzdqfsefsrgdrgtfhfthf<sedfqzdqzdqzdkjlkqj\nRandom news://qzdqfsefsrgdrgtfhfthf<sedfqzdqzdqzdkjlkqjz!\nRandom news://qzdqfsefsrgdrgtfhfthf<sedfqzdqzdqzdkjlkqjz\n",
            "x": 135,
            "y": 1650,
            "width": 500,
            "height": 10,
            "font": "data/font/SpaceMono-Regular.ttf",
            "fontSize": 25,
            "color": "255,255,255",
            "effect": "default",
            "layer": 3,
            "isActive": true
        }
    ],
    "userInput": [
        {
            "ID": "jklkjlkj",
            "label": "Username",
            "description": "Logo text of Nova Project",
            "content": "username",
            "x": 50,
            "y": 69.5,
            "width": 55,
            "height": 4,
            "font": "data/font/SpaceMono-Regular.ttf",
            "fontSize": 20,
            "color": "255,255,255",
            "effect": "default",
            "layer": 1,
            "isActive": false
        }
    ]
}
